{"afghanistan":"AF","aland-islands":"AX","albania":"AL","algeria":"DZ","american-samoa":"AS","andorra":"AD","angola":"AO","anguilla":"AI","antarctica":"AQ","antigua-and-barbuda":"AG","argentina":"AR","armenia":"AM","aruba":"AW","australia":"AU","austria":"AT","azerbaijan":"AZ","bahamas-the":"BS","bahrain":"BH","bangladesh":"BD","barbados":"BB","belarus":"BY","belgium":"BE","belize":"BZ","benin":"BJ","bermuda":"BM","bhutan":"BT","bolivia":"BO","bosnia-and-herzegovina":"BA","botswana":"BW","bouvet-island-bouvetoya":"BV","brazil":"BR","british-indian-ocean-territory-chagos-archipelago":"IO","british-virgin-islands":"VG","brunei-darussalam":"BN","bulgaria":"BG","burkina-faso":"BF","burundi":"BI","cambodia":"KH","cameroon":"CM","canada":"CA","cape-verde":"CV","cayman-islands":"KY","central-african-republic":"CF","chad":"TD","chile":"CL","china":"CN","christmas-island":"CX","cocos-keeling-islands":"CC","colombia":"CO","comoros-the":"KM","congo":"CD","congo-the":"CG","cook-islands":"CK","costa-rica":"CR","cote-divoire":"CI","croatia":"HR","cuba":"CU","cyprus":"CY","czech-republic":"CZ","denmark":"DK","djibouti":"DJ","dominica":"DM","dominican-republic":"DO","ecuador":"EC","egypt":"EG","el-salvador":"SV","equatorial-guinea":"GQ","eritrea":"ER","estonia":"EE","ethiopia":"ET","faroe-islands":"FO","falkland-islands-malvinas":"FK","fiji-the-fiji-islands":"FJ","finland":"FI","france-french-republic":"FR","french-guiana":"GF","french-polynesia":"PF","french-southern-territories":"TF","gabon":"GA","gambia-the":"GM","georgia":"GE","germany":"DE","ghana":"GH","gibraltar":"GI","greece":"GR","greenland":"GL","grenada":"GD","guadeloupe":"GP","guam":"GU","guatemala":"GT","guernsey":"GG","guinea":"GN","guinea-bissau":"GW","guyana":"GY","haiti":"HT","heard-island-and-mcdonald-islands":"HM","holy-see-vatican-city-state":"VA","honduras":"HN","hong-kong":"HK","hungary":"HU","iceland":"IS","india":"IN","indonesia":"ID","iran":"IR","iraq":"IQ","ireland":"IE","isle-of-man":"IM","israel":"IL","italy":"IT","jamaica":"JM","japan":"JP","jersey":"JE","jordan":"JO","kazakhstan":"KZ","kenya":"KE","kiribati":"KI","korea":"KP","south-korea":"KR","kuwait":"KW","kyrgyz-republic":"KG","lao":"LA","latvia":"LV","lebanon":"LB","lesotho":"LS","liberia":"LR","libyan-arab-jamahiriya":"LY","liechtenstein":"LI","lithuania":"LT","luxembourg":"LU","macao":"MO","macedonia":"MK","madagascar":"MG","malawi":"MW","malaysia":"MY","maldives":"MV","mali":"ML","malta":"MT","marshall-islands":"MH","martinique":"MQ","mauritania":"MR","mauritius":"MU","mayotte":"YT","mexico":"MX","micronesia":"FM","moldova":"MD","monaco":"MC","mongolia":"MN","montenegro":"ME","montserrat":"MS","morocco":"MA","mozambique":"MZ","myanmar":"MM","namibia":"NA","nauru":"NR","nepal":"NP","netherlands-antilles":"AN","netherlands-the":"NL","new-caledonia":"NC","new-zealand":"NZ","nicaragua":"NI","niger":"NE","nigeria":"NG","niue":"NU","norfolk-island":"NF","northern-mariana-islands":"MP","norway":"NO","oman":"OM","pakistan":"PK","palau":"PW","palestinian-territory":"PS","panama":"PA","papua-new-guinea":"PG","paraguay":"PY","peru":"PE","philippines":"PH","pitcairn-islands":"PN","poland":"PL","portugal-portuguese-republic":"PT","puerto-rico":"PR","qatar":"QA","reunion":"RE","romania":"RO","russian-federation":"RU","rwanda":"RW","saint-barthelemy":"BL","saint-helena":"SH","saint-kitts-and-nevis":"KN","saint-lucia":"LC","saint-martin":"MF","saint-pierre-and-miquelon":"PM","saint-vincent-and-the-grenadines":"VC","samoa":"WS","san-marino":"SM","sao-tome-and-principe":"ST","saudi-arabia":"SA","senegal":"SN","serbia":"RS","seychelles":"SC","sierra-leone":"SL","singapore":"SG","slovakia-slovak-republic":"SK","slovenia":"SI","solomon-islands":"SB","somalia-somali-republic":"SO","south-africa":"ZA","south-georgia-and-the-south-sandwich-islands":"GS","spain":"ES","sri-lanka":"LK","sudan":"SD","suriname":"SR","svalbard-jan-mayen-islands":"SJ","swaziland":"SZ","sweden":"SE","switzerland-swiss-confederation":"CH","syrian-arab-republic":"SY","taiwan":"TW","tajikistan":"TJ","tanzania":"TZ","thailand":"TH","timor-leste":"TL","togo":"TG","tokelau":"TK","tonga":"TO","trinidad-and-tobago":"TT","tunisia":"TN","turkey":"TR","turkmenistan":"TM","turks-and-caicos-islands":"TC","tuvalu":"TV","uganda":"UG","ukraine":"UA","united-arab-emirates":"AE","united-kingdom":"GB","united-states-of-america":"US","united-states":"US","united-states-minor-outlying-islands":"UM","united-states-virgin-islands":"VI","uruguay-eastern-republic-of":"UY","uzbekistan":"UZ","vanuatu":"VU","venezuela":"VE","vietnam":"VN","wallis-and-futuna":"WF","western-sahara":"EH","yemen":"YE","zambia":"ZM","zimbabwe":"ZW"}