{"kind":"analytics#accounts","username":"quan.dang@dna.vn","totalResults":4,"startIndex":1,"itemsPerPage":1000,"items":[{"id":"49284792","kind":"analytics#account","selfLink":"https:\/\/www.googleapis.com\/analytics\/v3\/management\/accounts\/49284792","name":"Yakult Vi\u1ec7t Nam","permissions":{"effective":["COLLABORATE","EDIT","MANAGE_USERS","READ_AND_ANALYZE"]},"created":"2014-03-24T03:34:37.879Z","updated":"2015-08-11T22:10:13.966Z","childLink":{"type":"analytics#webproperties","href":"https:\/\/www.googleapis.com\/analytics\/v3\/management\/accounts\/49284792\/webproperties"},"webproperties":{"kind":"analytics#webproperties","username":"quan.dang@dna.vn","totalResults":2,"startIndex":1,"itemsPerPage":1000,"items":[{"id":"UA-49284792-1","kind":"analytics#webproperty","selfLink":"https:\/\/www.googleapis.com\/analytics\/v3\/management\/accounts\/49284792\/webproperties\/UA-49284792-1","accountId":"49284792","internalWebPropertyId":"81008355","name":"Brand Yakult Site","websiteUrl":"https:\/\/www.yakult.vn","level":"STANDARD","profileCount":1,"industryVertical":"BUSINESS_AND_INDUSTRIAL_MARKETS","defaultProfileId":"83833295","dataRetentionTtl":"INDEFINITE","dataRetentionResetOnNewActivity":true,"permissions":{"effective":["COLLABORATE","EDIT","MANAGE_USERS","READ_AND_ANALYZE"]},"created":"2014-03-24T03:34:37.879Z","updated":"2018-08-14T18:16:21.689Z","parentLink":{"type":"analytics#account","href":"https:\/\/www.googleapis.com\/analytics\/v3\/management\/accounts\/49284792"},"childLink":{"type":"analytics#profiles","href":"https:\/\/www.googleapis.com\/analytics\/v3\/management\/accounts\/49284792\/webproperties\/UA-49284792-1\/profiles"}},{"id":"UA-49284792-2","kind":"analytics#webproperty","selfLink":"https:\/\/www.googleapis.com\/analytics\/v3\/management\/accounts\/49284792\/webproperties\/UA-49284792-2","accountId":"49284792","internalWebPropertyId":"81011055","name":"Corporate Yakult Site","websiteUrl":"https:\/\/www.corporate.yakult.vn\/","level":"STANDARD","profileCount":1,"industryVertical":"BUSINESS_AND_INDUSTRIAL_MARKETS","defaultProfileId":"83850234","dataRetentionTtl":"INDEFINITE","dataRetentionResetOnNewActivity":true,"permissions":{"effective":["COLLABORATE","EDIT","MANAGE_USERS","READ_AND_ANALYZE"]},"created":"2014-03-24T03:38:11.096Z","updated":"2018-08-14T18:16:41.224Z","parentLink":{"type":"analytics#account","href":"https:\/\/www.googleapis.com\/analytics\/v3\/management\/accounts\/49284792"},"childLink":{"type":"analytics#profiles","href":"https:\/\/www.googleapis.com\/analytics\/v3\/management\/accounts\/49284792\/webproperties\/UA-49284792-2\/profiles"}}]}},{"id":"61114687","kind":"analytics#account","selfLink":"https:\/\/www.googleapis.com\/analytics\/v3\/management\/accounts\/61114687","name":"DNA","permissions":{"effective":["COLLABORATE","EDIT","MANAGE_USERS","READ_AND_ANALYZE"]},"created":"2015-03-24T07:13:18.691Z","updated":"2019-03-14T11:21:23.744Z","childLink":{"type":"analytics#webproperties","href":"https:\/\/www.googleapis.com\/analytics\/v3\/management\/accounts\/61114687\/webproperties"},"webproperties":{"kind":"analytics#webproperties","username":"quan.dang@dna.vn","totalResults":38,"startIndex":1,"itemsPerPage":1000,"items":[{"id":"UA-61114687-1","kind":"analytics#webproperty","selfLink":"https:\/\/www.googleapis.com\/analytics\/v3\/management\/accounts\/61114687\/webproperties\/UA-61114687-1","accountId":"61114687","internalWebPropertyId":"95749615","name":"DNA","websiteUrl":"http:\/\/dna.vn","level":"STANDARD","profileCount":1,"industryVertical":"ARTS_AND_ENTERTAINMENT","defaultProfileId":"99840432","dataRetentionTtl":"INDEFINITE","dataRetentionResetOnNewActivity":true,"permissions":{"effective":["COLLABORATE","EDIT","MANAGE_USERS","READ_AND_ANALYZE"]},"created":"2015-03-24T07:13:18.691Z","updated":"2019-08-21T03:59:17.377Z","parentLink":{"type":"analytics#account","href":"https:\/\/www.googleapis.com\/analytics\/v3\/management\/accounts\/61114687"},"childLink":{"type":"analytics#profiles","href":"https:\/\/www.googleapis.com\/analytics\/v3\/management\/accounts\/61114687\/webproperties\/UA-61114687-1\/profiles"}},{"id":"UA-61114687-2","kind":"analytics#webproperty","selfLink":"https:\/\/www.googleapis.com\/analytics\/v3\/management\/accounts\/61114687\/webproperties\/UA-61114687-2","accountId":"61114687","internalWebPropertyId":"95748719","name":"Anka Milk Website","websiteUrl":"http:\/\/ankamilk.com","level":"STANDARD","profileCount":1,"industryVertical":"FOOD_AND_DRINK","defaultProfileId":"99846506","dataRetentionTtl":"INDEFINITE","dataRetentionResetOnNewActivity":true,"permissions":{"effective":["COLLABORATE","EDIT","MANAGE_USERS","READ_AND_ANALYZE"]},"created":"2015-03-24T07:13:54.812Z","updated":"2019-08-21T03:59:17.374Z","parentLink":{"type":"analytics#account","href":"https:\/\/www.googleapis.com\/analytics\/v3\/management\/accounts\/61114687"},"childLink":{"type":"analytics#profiles","href":"https:\/\/www.googleapis.com\/analytics\/v3\/management\/accounts\/61114687\/webproperties\/UA-61114687-2\/profiles"}},{"id":"UA-61114687-3","kind":"analytics#webproperty","selfLink":"https:\/\/www.googleapis.com\/analytics\/v3\/management\/accounts\/61114687\/webproperties\/UA-61114687-3","accountId":"61114687","internalWebPropertyId":"101602304","name":"Panasonic","websiteUrl":"http:\/\/panasonicshaverformen.com","level":"STANDARD","profileCount":1,"industryVertical":"SHOPPING","defaultProfileId":"105564717","dataRetentionTtl":"INDEFINITE","dataRetentionResetOnNewActivity":true,"permissions":{"effective":["COLLABORATE","EDIT","MANAGE_USERS","READ_AND_ANALYZE"]},"created":"2015-07-21T09:39:26.730Z","updated":"2019-08-21T03:59:17.385Z","parentLink":{"type":"analytics#account","href":"https:\/\/www.googleapis.com\/analytics\/v3\/management\/accounts\/61114687"},"childLink":{"type":"analytics#profiles","href":"https:\/\/www.googleapis.com\/analytics\/v3\/management\/accounts\/61114687\/webproperties\/UA-61114687-3\/profiles"}},{"id":"UA-61114687-4","kind":"analytics#webproperty","selfLink":"https:\/\/www.googleapis.com\/analytics\/v3\/management\/accounts\/61114687\/webproperties\/UA-61114687-4","accountId":"61114687","internalWebPropertyId":"103779456","name":"iKem.vn","websiteUrl":"http:\/\/ikem.vn","level":"STANDARD","profileCount":1,"industryVertical":"FOOD_AND_DRINK","defaultProfileId":"107930976","dataRetentionTtl":"INDEFINITE","dataRetentionResetOnNewActivity":true,"permissions":{"effective":["COLLABORATE","EDIT","MANAGE_USERS","READ_AND_ANALYZE"]},"created":"2015-09-04T15:29:36.593Z","updated":"2019-08-21T03:59:17.381Z","parentLink":{"type":"analytics#account","href":"https:\/\/www.googleapis.com\/analytics\/v3\/management\/accounts\/61114687"},"childLink":{"type":"analytics#profiles","href":"https:\/\/www.googleapis.com\/analytics\/v3\/management\/accounts\/61114687\/webproperties\/UA-61114687-4\/profiles"}},{"id":"UA-61114687-5","kind":"analytics#webproperty","selfLink":"https:\/\/www.googleapis.com\/analytics\/v3\/management\/accounts\/61114687\/webproperties\/UA-61114687-5","accountId":"61114687","internalWebPropertyId":"105419008","name":"Anka Milk Store","websiteUrl":"http:\/\/shop.ankamilk.com","level":"STANDARD","profileCount":1,"industryVertical":"FOOD_AND_DRINK","defaultProfileId":"109706745","dataRetentionTtl":"INDEFINITE","dataRetentionResetOnNewActivity":true,"permissions":{"effective":["COLLABORATE","EDIT","MANAGE_USERS","READ_AND_ANALYZE"]},"created":"2015-10-08T04:29:08.243Z","updated":"2019-08-21T03:59:17.374Z","parentLink":{"type":"analytics#account","href":"https:\/\/www.googleapis.com\/analytics\/v3\/management\/accounts\/61114687"},"childLink":{"type":"analytics#profiles","href":"https:\/\/www.googleapis.com\/analytics\/v3\/management\/accounts\/61114687\/webproperties\/UA-61114687-5\/profiles"}},{"id":"UA-61114687-6","kind":"analytics#webproperty","selfLink":"https:\/\/www.googleapis.com\/analytics\/v3\/management\/accounts\/61114687\/webproperties\/UA-61114687-6","accountId":"61114687","internalWebPropertyId":"107869524","name":"tetdangnho.com","websiteUrl":"http:\/\/tetdangnho.com","level":"STANDARD","profileCount":1,"industryVertical":"FOOD_AND_DRINK","defaultProfileId":"112381127","dataRetentionTtl":"INDEFINITE","dataRetentionResetOnNewActivity":true,"permissions":{"effective":["COLLABORATE","EDIT","MANAGE_USERS","READ_AND_ANALYZE"]},"created":"2015-11-24T03:38:22.438Z","updated":"2019-08-21T03:59:17.389Z","parentLink":{"type":"analytics#account","href":"https:\/\/www.googleapis.com\/analytics\/v3\/management\/accounts\/61114687"},"childLink":{"type":"analytics#profiles","href":"https:\/\/www.googleapis.com\/analytics\/v3\/management\/accounts\/61114687\/webproperties\/UA-61114687-6\/profiles"}},{"id":"UA-61114687-7","kind":"analytics#webproperty","selfLink":"https:\/\/www.googleapis.com\/analytics\/v3\/management\/accounts\/61114687\/webproperties\/UA-61114687-7","accountId":"61114687","internalWebPropertyId":"110049237","name":"Sharp - M\u00e1y gi\u1eb7t l\u1ed3ng gi\u1eb7t kh\u00f4ng l\u1ed7","websiteUrl":"https:\/\/sharp.vn\/vn\/cong-nghe-long-giat-khong-lo\/","level":"STANDARD","profileCount":1,"industryVertical":"OTHER","defaultProfileId":"114755346","dataRetentionTtl":"INDEFINITE","dataRetentionResetOnNewActivity":true,"permissions":{"effective":["COLLABORATE","EDIT","MANAGE_USERS","READ_AND_ANALYZE"]},"created":"2016-01-13T03:14:17.793Z","updated":"2019-08-21T03:59:17.387Z","parentLink":{"type":"analytics#account","href":"https:\/\/www.googleapis.com\/analytics\/v3\/management\/accounts\/61114687"},"childLink":{"type":"analytics#profiles","href":"https:\/\/www.googleapis.com\/analytics\/v3\/management\/accounts\/61114687\/webproperties\/UA-61114687-7\/profiles"}},{"id":"UA-61114687-8","kind":"analytics#webproperty","selfLink":"https:\/\/www.googleapis.com\/analytics\/v3\/management\/accounts\/61114687\/webproperties\/UA-61114687-8","accountId":"61114687","internalWebPropertyId":"113029625","name":"comforttinhdauthom.com","websiteUrl":"http:\/\/comforttinhdauthom.com","level":"STANDARD","profileCount":1,"industryVertical":"OTHER","defaultProfileId":"118039334","dataRetentionTtl":"INDEFINITE","dataRetentionResetOnNewActivity":true,"permissions":{"effective":["COLLABORATE","EDIT","MANAGE_USERS","READ_AND_ANALYZE"]},"created":"2016-03-07T07:48:10.451Z","updated":"2019-08-21T03:59:17.374Z","parentLink":{"type":"analytics#account","href":"https:\/\/www.googleapis.com\/analytics\/v3\/management\/accounts\/61114687"},"childLink":{"type":"analytics#profiles","href":"https:\/\/www.googleapis.com\/analytics\/v3\/management\/accounts\/61114687\/webproperties\/UA-61114687-8\/profiles"}},{"id":"UA-61114687-10","kind":"analytics#webproperty","selfLink":"https:\/\/www.googleapis.com\/analytics\/v3\/management\/accounts\/61114687\/webproperties\/UA-61114687-10","accountId":"61114687","internalWebPropertyId":"114869570","name":"Metfone","websiteUrl":"http:\/\/selfieislucky.com","level":"STANDARD","profileCount":1,"industryVertical":"ARTS_AND_ENTERTAINMENT","defaultProfileId":"120054394","dataRetentionTtl":"MONTHS_26","dataRetentionResetOnNewActivity":true,"permissions":{"effective":["COLLABORATE","EDIT","MANAGE_USERS","READ_AND_ANALYZE"]},"created":"2016-04-11T17:03:52.384Z","updated":"2019-08-21T03:59:17.385Z","parentLink":{"type":"analytics#account","href":"https:\/\/www.googleapis.com\/analytics\/v3\/management\/accounts\/61114687"},"childLink":{"type":"analytics#profiles","href":"https:\/\/www.googleapis.com\/analytics\/v3\/management\/accounts\/61114687\/webproperties\/UA-61114687-10\/profiles"}},{"id":"UA-61114687-11","kind":"analytics#webproperty","selfLink":"https:\/\/www.googleapis.com\/analytics\/v3\/management\/accounts\/61114687\/webproperties\/UA-61114687-11","accountId":"61114687","internalWebPropertyId":"116721588","name":"S\u1eefa t\u01b0\u01a1i LIF","websiteUrl":"http:\/\/idp.vn\/lif","level":"STANDARD","profileCount":1,"industryVertical":"FOOD_AND_DRINK","defaultProfileId":"122099415","dataRetentionTtl":"INDEFINITE","dataRetentionResetOnNewActivity":true,"permissions":{"effective":["COLLABORATE","EDIT","MANAGE_USERS","READ_AND_ANALYZE"]},"created":"2016-05-16T03:27:44.583Z","updated":"2019-08-21T03:59:17.388Z","parentLink":{"type":"analytics#account","href":"https:\/\/www.googleapis.com\/analytics\/v3\/management\/accounts\/61114687"},"childLink":{"type":"analytics#profiles","href":"https:\/\/www.googleapis.com\/analytics\/v3\/management\/accounts\/61114687\/webproperties\/UA-61114687-11\/profiles"}},{"id":"UA-61114687-12","kind":"analytics#webproperty","selfLink":"https:\/\/www.googleapis.com\/analytics\/v3\/management\/accounts\/61114687\/webproperties\/UA-61114687-12","accountId":"61114687","internalWebPropertyId":"118649525","name":"Panasonic sky","websiteUrl":"http:\/\/panasonic-sky.vn","level":"STANDARD","profileCount":1,"industryVertical":"GAMES","defaultProfileId":"124117027","dataRetentionTtl":"INDEFINITE","dataRetentionResetOnNewActivity":true,"permissions":{"effective":["COLLABORATE","EDIT","MANAGE_USERS","READ_AND_ANALYZE"]},"created":"2016-06-17T02:59:12.372Z","updated":"2019-08-21T03:59:17.387Z","parentLink":{"type":"analytics#account","href":"https:\/\/www.googleapis.com\/analytics\/v3\/management\/accounts\/61114687"},"childLink":{"type":"analytics#profiles","href":"https:\/\/www.googleapis.com\/analytics\/v3\/management\/accounts\/61114687\/webproperties\/UA-61114687-12\/profiles"}},{"id":"UA-61114687-14","kind":"analytics#webproperty","selfLink":"https:\/\/www.googleapis.com\/analytics\/v3\/management\/accounts\/61114687\/webproperties\/UA-61114687-14","accountId":"61114687","internalWebPropertyId":"127232234","name":"R\u01b0\u1ee3u chu\u1ed1i h\u1ed9t","websiteUrl":"http:\/\/ruouchuoihot.vn","level":"STANDARD","profileCount":1,"industryVertical":"FOOD_AND_DRINK","defaultProfileId":"130899436","dataRetentionTtl":"INDEFINITE","dataRetentionResetOnNewActivity":true,"permissions":{"effective":["COLLABORATE","EDIT","MANAGE_USERS","READ_AND_ANALYZE"]},"created":"2016-10-04T02:14:03.063Z","updated":"2019-08-21T03:59:17.386Z","parentLink":{"type":"analytics#account","href":"https:\/\/www.googleapis.com\/analytics\/v3\/management\/accounts\/61114687"},"childLink":{"type":"analytics#profiles","href":"https:\/\/www.googleapis.com\/analytics\/v3\/management\/accounts\/61114687\/webproperties\/UA-61114687-14\/profiles"}},{"id":"UA-61114687-15","kind":"analytics#webproperty","selfLink":"https:\/\/www.googleapis.com\/analytics\/v3\/management\/accounts\/61114687\/webproperties\/UA-61114687-15","accountId":"61114687","internalWebPropertyId":"132238599","name":"daye-championship.com","websiteUrl":"http:\/\/daye-championship.com","level":"STANDARD","profileCount":1,"industryVertical":"ARTS_AND_ENTERTAINMENT","defaultProfileId":"136255813","dataRetentionTtl":"INDEFINITE","dataRetentionResetOnNewActivity":true,"permissions":{"effective":["COLLABORATE","EDIT","MANAGE_USERS","READ_AND_ANALYZE"]},"created":"2016-12-17T04:48:37.471Z","updated":"2019-08-21T03:59:17.376Z","parentLink":{"type":"analytics#account","href":"https:\/\/www.googleapis.com\/analytics\/v3\/management\/accounts\/61114687"},"childLink":{"type":"analytics#profiles","href":"https:\/\/www.googleapis.com\/analytics\/v3\/management\/accounts\/61114687\/webproperties\/UA-61114687-15\/profiles"}},{"id":"UA-61114687-16","kind":"analytics#webproperty","selfLink":"https:\/\/www.googleapis.com\/analytics\/v3\/management\/accounts\/61114687\/webproperties\/UA-61114687-16","accountId":"61114687","internalWebPropertyId":"132928014","name":"Acemuc Unbrand viemmuihong","websiteUrl":"http:\/\/viemmuihong.entsala.com","level":"STANDARD","profileCount":1,"industryVertical":"OTHER","defaultProfileId":"136929972","dataRetentionTtl":"INDEFINITE","dataRetentionResetOnNewActivity":true,"permissions":{"effective":["COLLABORATE","EDIT","MANAGE_USERS","READ_AND_ANALYZE"]},"created":"2016-12-29T04:33:04.182Z","updated":"2019-08-21T03:59:17.375Z","parentLink":{"type":"analytics#account","href":"https:\/\/www.googleapis.com\/analytics\/v3\/management\/accounts\/61114687"},"childLink":{"type":"analytics#profiles","href":"https:\/\/www.googleapis.com\/analytics\/v3\/management\/accounts\/61114687\/webproperties\/UA-61114687-16\/profiles"}},{"id":"UA-61114687-17","kind":"analytics#webproperty","selfLink":"https:\/\/www.googleapis.com\/analytics\/v3\/management\/accounts\/61114687\/webproperties\/UA-61114687-17","accountId":"61114687","internalWebPropertyId":"132982441","name":"metan","websiteUrl":"http:\/\/metan.vn","level":"STANDARD","profileCount":1,"industryVertical":"ARTS_AND_ENTERTAINMENT","defaultProfileId":"136995330","dataRetentionTtl":"INDEFINITE","dataRetentionResetOnNewActivity":true,"permissions":{"effective":["COLLABORATE","EDIT","MANAGE_USERS","READ_AND_ANALYZE"]},"created":"2016-12-30T08:04:49.506Z","updated":"2019-08-21T03:59:17.386Z","parentLink":{"type":"analytics#account","href":"https:\/\/www.googleapis.com\/analytics\/v3\/management\/accounts\/61114687"},"childLink":{"type":"analytics#profiles","href":"https:\/\/www.googleapis.com\/analytics\/v3\/management\/accounts\/61114687\/webproperties\/UA-61114687-17\/profiles"}},{"id":"UA-61114687-18","kind":"analytics#webproperty","selfLink":"https:\/\/www.googleapis.com\/analytics\/v3\/management\/accounts\/61114687\/webproperties\/UA-61114687-18","accountId":"61114687","internalWebPropertyId":"132913099","name":"1phuttietkiemtrieuniemvui.com.vn","websiteUrl":"http:\/\/1phuttietkiemtrieuniemvui.com.vn","level":"STANDARD","profileCount":1,"industryVertical":"FOOD_AND_DRINK","defaultProfileId":"136967138","dataRetentionTtl":"INDEFINITE","dataRetentionResetOnNewActivity":true,"permissions":{"effective":["COLLABORATE","EDIT","MANAGE_USERS","READ_AND_ANALYZE"]},"created":"2016-12-30T08:06:13.538Z","updated":"2019-08-21T03:59:17.370Z","parentLink":{"type":"analytics#account","href":"https:\/\/www.googleapis.com\/analytics\/v3\/management\/accounts\/61114687"},"childLink":{"type":"analytics#profiles","href":"https:\/\/www.googleapis.com\/analytics\/v3\/management\/accounts\/61114687\/webproperties\/UA-61114687-18\/profiles"}},{"id":"UA-61114687-19","kind":"analytics#webproperty","selfLink":"https:\/\/www.googleapis.com\/analytics\/v3\/management\/accounts\/61114687\/webproperties\/UA-61114687-19","accountId":"61114687","internalWebPropertyId":"133482157","name":"style-nvx.yamaha-motor.com.vn","websiteUrl":"http:\/\/style-nvx.yamaha-motor.com.vn","level":"STANDARD","profileCount":1,"industryVertical":"GAMES","defaultProfileId":"137517066","dataRetentionTtl":"INDEFINITE","dataRetentionResetOnNewActivity":true,"permissions":{"effective":["COLLABORATE","EDIT","MANAGE_USERS","READ_AND_ANALYZE"]},"created":"2017-01-09T02:25:24.537Z","updated":"2019-08-21T03:59:17.389Z","parentLink":{"type":"analytics#account","href":"https:\/\/www.googleapis.com\/analytics\/v3\/management\/accounts\/61114687"},"childLink":{"type":"analytics#profiles","href":"https:\/\/www.googleapis.com\/analytics\/v3\/management\/accounts\/61114687\/webproperties\/UA-61114687-19\/profiles"}},{"id":"UA-61114687-20","kind":"analytics#webproperty","selfLink":"https:\/\/www.googleapis.com\/analytics\/v3\/management\/accounts\/61114687\/webproperties\/UA-61114687-20","accountId":"61114687","internalWebPropertyId":"137214749","name":"design.dna.vn","websiteUrl":"http:\/\/design.dna.vn","level":"STANDARD","profileCount":1,"industryVertical":"ARTS_AND_ENTERTAINMENT","defaultProfileId":"141476704","dataRetentionTtl":"INDEFINITE","dataRetentionResetOnNewActivity":true,"permissions":{"effective":["COLLABORATE","EDIT","MANAGE_USERS","READ_AND_ANALYZE"]},"created":"2017-02-27T10:49:15.214Z","updated":"2019-08-21T03:59:17.376Z","parentLink":{"type":"analytics#account","href":"https:\/\/www.googleapis.com\/analytics\/v3\/management\/accounts\/61114687"},"childLink":{"type":"analytics#profiles","href":"https:\/\/www.googleapis.com\/analytics\/v3\/management\/accounts\/61114687\/webproperties\/UA-61114687-20\/profiles"}},{"id":"UA-61114687-21","kind":"analytics#webproperty","selfLink":"https:\/\/www.googleapis.com\/analytics\/v3\/management\/accounts\/61114687\/webproperties\/UA-61114687-21","accountId":"61114687","internalWebPropertyId":"138587030","name":"manulife.com.vn","websiteUrl":"http:\/\/manulife.com.vn","level":"STANDARD","profileCount":1,"industryVertical":"HEALTHCARE","defaultProfileId":"142903230","dataRetentionTtl":"INDEFINITE","dataRetentionResetOnNewActivity":true,"permissions":{"effective":["COLLABORATE","EDIT","MANAGE_USERS","READ_AND_ANALYZE"]},"created":"2017-03-15T08:29:02.275Z","updated":"2019-08-21T03:59:17.381Z","parentLink":{"type":"analytics#account","href":"https:\/\/www.googleapis.com\/analytics\/v3\/management\/accounts\/61114687"},"childLink":{"type":"analytics#profiles","href":"https:\/\/www.googleapis.com\/analytics\/v3\/management\/accounts\/61114687\/webproperties\/UA-61114687-21\/profiles"}},{"id":"UA-61114687-22","kind":"analytics#webproperty","selfLink":"https:\/\/www.googleapis.com\/analytics\/v3\/management\/accounts\/61114687\/webproperties\/UA-61114687-22","accountId":"61114687","internalWebPropertyId":"147251653","name":"hetdamsehetho.com","websiteUrl":"http:\/\/hetdamsehetho.com","level":"STANDARD","profileCount":1,"industryVertical":"UNSPECIFIED","defaultProfileId":"152062358","dataRetentionTtl":"INDEFINITE","dataRetentionResetOnNewActivity":true,"permissions":{"effective":["COLLABORATE","EDIT","MANAGE_USERS","READ_AND_ANALYZE"]},"created":"2017-06-02T03:30:01.509Z","updated":"2019-08-21T03:59:17.382Z","parentLink":{"type":"analytics#account","href":"https:\/\/www.googleapis.com\/analytics\/v3\/management\/accounts\/61114687"},"childLink":{"type":"analytics#profiles","href":"https:\/\/www.googleapis.com\/analytics\/v3\/management\/accounts\/61114687\/webproperties\/UA-61114687-22\/profiles"}},{"id":"UA-61114687-23","kind":"analytics#webproperty","selfLink":"https:\/\/www.googleapis.com\/analytics\/v3\/management\/accounts\/61114687\/webproperties\/UA-61114687-23","accountId":"61114687","internalWebPropertyId":"162058132","name":"songkhoemankinh.vn","websiteUrl":"http:\/\/songkhoemankinh.vn","level":"STANDARD","profileCount":1,"industryVertical":"HEALTHCARE","defaultProfileId":"163102708","dataRetentionTtl":"INDEFINITE","dataRetentionResetOnNewActivity":true,"permissions":{"effective":["COLLABORATE","EDIT","MANAGE_USERS","READ_AND_ANALYZE"]},"created":"2017-10-23T14:35:24.926Z","updated":"2019-08-21T03:59:17.387Z","parentLink":{"type":"analytics#account","href":"https:\/\/www.googleapis.com\/analytics\/v3\/management\/accounts\/61114687"},"childLink":{"type":"analytics#profiles","href":"https:\/\/www.googleapis.com\/analytics\/v3\/management\/accounts\/61114687\/webproperties\/UA-61114687-23\/profiles"}},{"id":"UA-61114687-24","kind":"analytics#webproperty","selfLink":"https:\/\/www.googleapis.com\/analytics\/v3\/management\/accounts\/61114687\/webproperties\/UA-61114687-24","accountId":"61114687","internalWebPropertyId":"161960074","name":"hieuvetiemchung.hoibsgiadinh.com","websiteUrl":"https:\/\/hieuvetiemchung.hoibsgiadinh.com","level":"STANDARD","profileCount":1,"industryVertical":"HEALTHCARE","defaultProfileId":"163115381","dataRetentionTtl":"INDEFINITE","dataRetentionResetOnNewActivity":true,"permissions":{"effective":["COLLABORATE","EDIT","MANAGE_USERS","READ_AND_ANALYZE"]},"created":"2017-10-23T14:38:17.983Z","updated":"2019-08-21T03:59:17.380Z","parentLink":{"type":"analytics#account","href":"https:\/\/www.googleapis.com\/analytics\/v3\/management\/accounts\/61114687"},"childLink":{"type":"analytics#profiles","href":"https:\/\/www.googleapis.com\/analytics\/v3\/management\/accounts\/61114687\/webproperties\/UA-61114687-24\/profiles"}},{"id":"UA-61114687-25","kind":"analytics#webproperty","selfLink":"https:\/\/www.googleapis.com\/analytics\/v3\/management\/accounts\/61114687\/webproperties\/UA-61114687-25","accountId":"61114687","internalWebPropertyId":"163393907","name":"shinhan.com.vn","websiteUrl":"https:\/\/shinhan.com.vn","level":"STANDARD","profileCount":1,"industryVertical":"FINANCE","defaultProfileId":"164277005","dataRetentionTtl":"INDEFINITE","dataRetentionResetOnNewActivity":true,"permissions":{"effective":["COLLABORATE","EDIT","MANAGE_USERS","READ_AND_ANALYZE"]},"created":"2017-11-09T05:12:58.201Z","updated":"2019-08-21T03:59:17.390Z","parentLink":{"type":"analytics#account","href":"https:\/\/www.googleapis.com\/analytics\/v3\/management\/accounts\/61114687"},"childLink":{"type":"analytics#profiles","href":"https:\/\/www.googleapis.com\/analytics\/v3\/management\/accounts\/61114687\/webproperties\/UA-61114687-25\/profiles"}},{"id":"UA-61114687-26","kind":"analytics#webproperty","selfLink":"https:\/\/www.googleapis.com\/analytics\/v3\/management\/accounts\/61114687\/webproperties\/UA-61114687-26","accountId":"61114687","internalWebPropertyId":"163951794","name":"TuongAn","websiteUrl":"http:\/\/tuongan.com.vn","level":"STANDARD","profileCount":1,"industryVertical":"FOOD_AND_DRINK","defaultProfileId":"164743029","dataRetentionTtl":"INDEFINITE","dataRetentionResetOnNewActivity":true,"permissions":{"effective":["COLLABORATE","EDIT","MANAGE_USERS","READ_AND_ANALYZE"]},"created":"2017-11-17T09:10:17.436Z","updated":"2019-08-21T03:59:17.394Z","parentLink":{"type":"analytics#account","href":"https:\/\/www.googleapis.com\/analytics\/v3\/management\/accounts\/61114687"},"childLink":{"type":"analytics#profiles","href":"https:\/\/www.googleapis.com\/analytics\/v3\/management\/accounts\/61114687\/webproperties\/UA-61114687-26\/profiles"}},{"id":"UA-61114687-27","kind":"analytics#webproperty","selfLink":"https:\/\/www.googleapis.com\/analytics\/v3\/management\/accounts\/61114687\/webproperties\/UA-61114687-27","accountId":"61114687","internalWebPropertyId":"169000798","name":"kewpie.com.vn","websiteUrl":"http:\/\/kewpie.com.vn","level":"STANDARD","profileCount":1,"industryVertical":"FOOD_AND_DRINK","defaultProfileId":"169029248","dataRetentionTtl":"INDEFINITE","dataRetentionResetOnNewActivity":true,"permissions":{"effective":["COLLABORATE","EDIT","MANAGE_USERS","READ_AND_ANALYZE"]},"created":"2018-02-02T04:00:52.063Z","updated":"2019-08-21T03:59:17.383Z","parentLink":{"type":"analytics#account","href":"https:\/\/www.googleapis.com\/analytics\/v3\/management\/accounts\/61114687"},"childLink":{"type":"analytics#profiles","href":"https:\/\/www.googleapis.com\/analytics\/v3\/management\/accounts\/61114687\/webproperties\/UA-61114687-27\/profiles"}},{"id":"UA-61114687-30","kind":"analytics#webproperty","selfLink":"https:\/\/www.googleapis.com\/analytics\/v3\/management\/accounts\/61114687\/webproperties\/UA-61114687-30","accountId":"61114687","internalWebPropertyId":"176705870","name":"DNA  app","websiteUrl":"http:\/\/dna.vn","level":"STANDARD","profileCount":2,"industryVertical":"OTHER","defaultProfileId":"175525636","dataRetentionTtl":"INDEFINITE","dataRetentionResetOnNewActivity":true,"permissions":{"effective":["COLLABORATE","EDIT","MANAGE_USERS","READ_AND_ANALYZE"]},"created":"2018-05-17T08:13:58.505Z","updated":"2019-08-21T03:59:17.376Z","parentLink":{"type":"analytics#account","href":"https:\/\/www.googleapis.com\/analytics\/v3\/management\/accounts\/61114687"},"childLink":{"type":"analytics#profiles","href":"https:\/\/www.googleapis.com\/analytics\/v3\/management\/accounts\/61114687\/webproperties\/UA-61114687-30\/profiles"}},{"id":"UA-61114687-31","kind":"analytics#webproperty","selfLink":"https:\/\/www.googleapis.com\/analytics\/v3\/management\/accounts\/61114687\/webproperties\/UA-61114687-31","accountId":"61114687","internalWebPropertyId":"178511246","name":"KoolFever","websiteUrl":"http:\/\/koolfever.com.vn","level":"STANDARD","profileCount":1,"industryVertical":"HEALTHCARE","defaultProfileId":"177001208","dataRetentionTtl":"MONTHS_26","dataRetentionResetOnNewActivity":true,"permissions":{"effective":["COLLABORATE","EDIT","MANAGE_USERS","READ_AND_ANALYZE"]},"created":"2018-06-13T10:36:35.744Z","updated":"2019-08-21T03:59:17.383Z","parentLink":{"type":"analytics#account","href":"https:\/\/www.googleapis.com\/analytics\/v3\/management\/accounts\/61114687"},"childLink":{"type":"analytics#profiles","href":"https:\/\/www.googleapis.com\/analytics\/v3\/management\/accounts\/61114687\/webproperties\/UA-61114687-31\/profiles"}},{"id":"UA-61114687-32","kind":"analytics#webproperty","selfLink":"https:\/\/www.googleapis.com\/analytics\/v3\/management\/accounts\/61114687\/webproperties\/UA-61114687-32","accountId":"61114687","internalWebPropertyId":"180987131","name":"H\u1ed7 tr\u1ee3 tr\u00ed nh\u1edb | hotrotrinho.com","websiteUrl":"http:\/\/hotrotrinho.com","level":"STANDARD","profileCount":1,"industryVertical":"HEALTHCARE","defaultProfileId":"178984902","dataRetentionTtl":"MONTHS_26","dataRetentionResetOnNewActivity":true,"permissions":{"effective":["COLLABORATE","EDIT","MANAGE_USERS","READ_AND_ANALYZE"]},"created":"2018-07-24T09:50:07.574Z","updated":"2019-08-21T03:59:17.380Z","parentLink":{"type":"analytics#account","href":"https:\/\/www.googleapis.com\/analytics\/v3\/management\/accounts\/61114687"},"childLink":{"type":"analytics#profiles","href":"https:\/\/www.googleapis.com\/analytics\/v3\/management\/accounts\/61114687\/webproperties\/UA-61114687-32\/profiles"}},{"id":"UA-61114687-33","kind":"analytics#webproperty","selfLink":"https:\/\/www.googleapis.com\/analytics\/v3\/management\/accounts\/61114687\/webproperties\/UA-61114687-33","accountId":"61114687","internalWebPropertyId":"181043538","name":"Phi\u00ean ch\u1ee3 t\u01b0\u01a1ng lai | phienchotuonglai.dna.vn","websiteUrl":"https:\/\/phienchotuonglai.dna.vn","level":"STANDARD","profileCount":1,"industryVertical":"SHOPPING","defaultProfileId":"179018274","dataRetentionTtl":"MONTHS_26","dataRetentionResetOnNewActivity":true,"permissions":{"effective":["COLLABORATE","EDIT","MANAGE_USERS","READ_AND_ANALYZE"]},"created":"2018-07-25T10:50:16.842Z","updated":"2019-08-21T03:59:17.388Z","parentLink":{"type":"analytics#account","href":"https:\/\/www.googleapis.com\/analytics\/v3\/management\/accounts\/61114687"},"childLink":{"type":"analytics#profiles","href":"https:\/\/www.googleapis.com\/analytics\/v3\/management\/accounts\/61114687\/webproperties\/UA-61114687-33\/profiles"}},{"id":"UA-61114687-34","kind":"analytics#webproperty","selfLink":"https:\/\/www.googleapis.com\/analytics\/v3\/management\/accounts\/61114687\/webproperties\/UA-61114687-34","accountId":"61114687","internalWebPropertyId":"182959399","name":"dzutqua.dna.vn","websiteUrl":"http:\/\/dzutqua.dna.vn","level":"STANDARD","profileCount":1,"industryVertical":"ARTS_AND_ENTERTAINMENT","defaultProfileId":"180575273","dataRetentionTtl":"MONTHS_26","dataRetentionResetOnNewActivity":true,"permissions":{"effective":["COLLABORATE","EDIT","MANAGE_USERS","READ_AND_ANALYZE"]},"created":"2018-08-23T09:30:51.958Z","updated":"2019-08-21T03:59:17.381Z","parentLink":{"type":"analytics#account","href":"https:\/\/www.googleapis.com\/analytics\/v3\/management\/accounts\/61114687"},"childLink":{"type":"analytics#profiles","href":"https:\/\/www.googleapis.com\/analytics\/v3\/management\/accounts\/61114687\/webproperties\/UA-61114687-34\/profiles"}},{"id":"UA-61114687-35","kind":"analytics#webproperty","selfLink":"https:\/\/www.googleapis.com\/analytics\/v3\/management\/accounts\/61114687\/webproperties\/UA-61114687-35","accountId":"61114687","internalWebPropertyId":"187056793","name":"songnhieuhonchinh.com","websiteUrl":"https:\/\/songnhieuhonchinh.com","level":"STANDARD","profileCount":1,"industryVertical":"ARTS_AND_ENTERTAINMENT","defaultProfileId":"183924557","dataRetentionTtl":"MONTHS_26","dataRetentionResetOnNewActivity":true,"permissions":{"effective":["COLLABORATE","EDIT","MANAGE_USERS","READ_AND_ANALYZE"]},"created":"2018-10-24T10:54:59.719Z","updated":"2019-08-21T03:59:17.388Z","parentLink":{"type":"analytics#account","href":"https:\/\/www.googleapis.com\/analytics\/v3\/management\/accounts\/61114687"},"childLink":{"type":"analytics#profiles","href":"https:\/\/www.googleapis.com\/analytics\/v3\/management\/accounts\/61114687\/webproperties\/UA-61114687-35\/profiles"}},{"id":"UA-61114687-36","kind":"analytics#webproperty","selfLink":"https:\/\/www.googleapis.com\/analytics\/v3\/management\/accounts\/61114687\/webproperties\/UA-61114687-36","accountId":"61114687","internalWebPropertyId":"196524717","name":"Vivo V15","websiteUrl":"https:\/\/vivo-v15.com","level":"STANDARD","profileCount":1,"industryVertical":"ONLINE_COMMUNITIES","defaultProfileId":"191537773","dataRetentionTtl":"MONTHS_26","dataRetentionResetOnNewActivity":true,"permissions":{"effective":["COLLABORATE","EDIT","MANAGE_USERS","READ_AND_ANALYZE"]},"created":"2019-03-14T11:14:50.810Z","updated":"2019-08-21T03:59:17.392Z","parentLink":{"type":"analytics#account","href":"https:\/\/www.googleapis.com\/analytics\/v3\/management\/accounts\/61114687"},"childLink":{"type":"analytics#profiles","href":"https:\/\/www.googleapis.com\/analytics\/v3\/management\/accounts\/61114687\/webproperties\/UA-61114687-36\/profiles"}},{"id":"UA-61114687-37","kind":"analytics#webproperty","selfLink":"https:\/\/www.googleapis.com\/analytics\/v3\/management\/accounts\/61114687\/webproperties\/UA-61114687-37","accountId":"61114687","internalWebPropertyId":"199818368","name":"Keyword Hero - hieuvetiemchung.hoibsgiadinh.com","websiteUrl":"https:\/\/hieuvetiemchung.hoibsgiadinh.com","level":"STANDARD","profileCount":1,"dataRetentionTtl":"MONTHS_26","dataRetentionResetOnNewActivity":true,"permissions":{"effective":["COLLABORATE","EDIT","MANAGE_USERS","READ_AND_ANALYZE"]},"created":"2019-04-25T04:22:28.216Z","updated":"2019-08-21T03:59:17.382Z","parentLink":{"type":"analytics#account","href":"https:\/\/www.googleapis.com\/analytics\/v3\/management\/accounts\/61114687"},"childLink":{"type":"analytics#profiles","href":"https:\/\/www.googleapis.com\/analytics\/v3\/management\/accounts\/61114687\/webproperties\/UA-61114687-37\/profiles"}},{"id":"UA-61114687-38","kind":"analytics#webproperty","selfLink":"https:\/\/www.googleapis.com\/analytics\/v3\/management\/accounts\/61114687\/webproperties\/UA-61114687-38","accountId":"61114687","internalWebPropertyId":"205740105","name":"tuhaoconchamdieuhay.com","websiteUrl":"https:\/\/tuhaoconchamdieuhay.com","level":"STANDARD","profileCount":1,"industryVertical":"OTHER","defaultProfileId":"198818561","dataRetentionTtl":"MONTHS_26","dataRetentionResetOnNewActivity":true,"permissions":{"effective":["COLLABORATE","EDIT","MANAGE_USERS","READ_AND_ANALYZE"]},"created":"2019-07-20T11:00:41.767Z","updated":"2019-08-21T03:59:17.390Z","parentLink":{"type":"analytics#account","href":"https:\/\/www.googleapis.com\/analytics\/v3\/management\/accounts\/61114687"},"childLink":{"type":"analytics#profiles","href":"https:\/\/www.googleapis.com\/analytics\/v3\/management\/accounts\/61114687\/webproperties\/UA-61114687-38\/profiles"}},{"id":"UA-61114687-39","kind":"analytics#webproperty","selfLink":"https:\/\/www.googleapis.com\/analytics\/v3\/management\/accounts\/61114687\/webproperties\/UA-61114687-39","accountId":"61114687","internalWebPropertyId":"205747394","name":"game.1chamhotsale.vn","websiteUrl":"https:\/\/game.1chamhotsale.vn","level":"STANDARD","profileCount":1,"industryVertical":"GAMES","defaultProfileId":"198853224","dataRetentionTtl":"MONTHS_26","dataRetentionResetOnNewActivity":true,"permissions":{"effective":["COLLABORATE","EDIT","MANAGE_USERS","READ_AND_ANALYZE"]},"created":"2019-07-22T02:51:22.678Z","updated":"2019-08-21T03:59:17.378Z","parentLink":{"type":"analytics#account","href":"https:\/\/www.googleapis.com\/analytics\/v3\/management\/accounts\/61114687"},"childLink":{"type":"analytics#profiles","href":"https:\/\/www.googleapis.com\/analytics\/v3\/management\/accounts\/61114687\/webproperties\/UA-61114687-39\/profiles"}},{"id":"UA-61114687-40","kind":"analytics#webproperty","selfLink":"https:\/\/www.googleapis.com\/analytics\/v3\/management\/accounts\/61114687\/webproperties\/UA-61114687-40","accountId":"61114687","internalWebPropertyId":"206099034","name":"1chamhotsale.vn","websiteUrl":"https:\/\/1chamhotsale.vn","level":"STANDARD","profileCount":1,"industryVertical":"SHOPPING","defaultProfileId":"199120468","dataRetentionTtl":"MONTHS_26","dataRetentionResetOnNewActivity":true,"permissions":{"effective":["COLLABORATE","EDIT","MANAGE_USERS","READ_AND_ANALYZE"]},"created":"2019-07-25T10:46:59.289Z","updated":"2019-08-21T03:59:26.521Z","parentLink":{"type":"analytics#account","href":"https:\/\/www.googleapis.com\/analytics\/v3\/management\/accounts\/61114687"},"childLink":{"type":"analytics#profiles","href":"https:\/\/www.googleapis.com\/analytics\/v3\/management\/accounts\/61114687\/webproperties\/UA-61114687-40\/profiles"}},{"id":"UA-61114687-41","kind":"analytics#webproperty","selfLink":"https:\/\/www.googleapis.com\/analytics\/v3\/management\/accounts\/61114687\/webproperties\/UA-61114687-41","accountId":"61114687","internalWebPropertyId":"206776012","name":"Application website PRV","websiteUrl":"https:\/\/prvqr.com","level":"STANDARD","profileCount":1,"industryVertical":"FOOD_AND_DRINK","defaultProfileId":"199628129","dataRetentionTtl":"MONTHS_26","dataRetentionResetOnNewActivity":true,"permissions":{"effective":["COLLABORATE","EDIT","MANAGE_USERS","READ_AND_ANALYZE"]},"created":"2019-08-05T14:38:53.087Z","updated":"2019-12-13T10:02:45.594Z","parentLink":{"type":"analytics#account","href":"https:\/\/www.googleapis.com\/analytics\/v3\/management\/accounts\/61114687"},"childLink":{"type":"analytics#profiles","href":"https:\/\/www.googleapis.com\/analytics\/v3\/management\/accounts\/61114687\/webproperties\/UA-61114687-41\/profiles"}},{"id":"UA-61114687-42","kind":"analytics#webproperty","selfLink":"https:\/\/www.googleapis.com\/analytics\/v3\/management\/accounts\/61114687\/webproperties\/UA-61114687-42","accountId":"61114687","internalWebPropertyId":"218102098","name":"Infomation website Prv","websiteUrl":"https:\/\/prvqr.com\/puma","level":"STANDARD","profileCount":1,"industryVertical":"FOOD_AND_DRINK","defaultProfileId":"208071834","dataRetentionTtl":"MONTHS_26","dataRetentionResetOnNewActivity":true,"permissions":{"effective":["COLLABORATE","EDIT","MANAGE_USERS","READ_AND_ANALYZE"]},"created":"2019-12-13T10:01:07.955Z","updated":"2019-12-13T10:02:17.862Z","parentLink":{"type":"analytics#account","href":"https:\/\/www.googleapis.com\/analytics\/v3\/management\/accounts\/61114687"},"childLink":{"type":"analytics#profiles","href":"https:\/\/www.googleapis.com\/analytics\/v3\/management\/accounts\/61114687\/webproperties\/UA-61114687-42\/profiles"}}]}},{"id":"78539212","kind":"analytics#account","selfLink":"https:\/\/www.googleapis.com\/analytics\/v3\/management\/accounts\/78539212","name":"Vivo Vietnam","permissions":{"effective":[]},"created":"2016-05-30T09:04:25.733Z","updated":"2019-09-16T04:00:01.235Z","childLink":{"type":"analytics#webproperties","href":"https:\/\/www.googleapis.com\/analytics\/v3\/management\/accounts\/78539212\/webproperties"},"webproperties":{"kind":"analytics#webproperties","username":"quan.dang@dna.vn","totalResults":1,"startIndex":1,"itemsPerPage":1000,"items":[{"id":"UA-78539212-3","kind":"analytics#webproperty","selfLink":"https:\/\/www.googleapis.com\/analytics\/v3\/management\/accounts\/78539212\/webproperties\/UA-78539212-3","accountId":"78539212","internalWebPropertyId":"210205244","name":"vivosmartphone.vn","websiteUrl":"http:\/\/vivosmartphone.vn","level":"STANDARD","profileCount":1,"industryVertical":"OTHER","defaultProfileId":"202158176","dataRetentionTtl":"MONTHS_26","dataRetentionResetOnNewActivity":true,"permissions":{"effective":[]},"created":"2019-09-16T04:05:28.219Z","updated":"2019-10-02T16:53:12.776Z","parentLink":{"type":"analytics#account","href":"https:\/\/www.googleapis.com\/analytics\/v3\/management\/accounts\/78539212"},"childLink":{"type":"analytics#profiles","href":"https:\/\/www.googleapis.com\/analytics\/v3\/management\/accounts\/78539212\/webproperties\/UA-78539212-3\/profiles"}}]}},{"id":"156258209","kind":"analytics#account","selfLink":"https:\/\/www.googleapis.com\/analytics\/v3\/management\/accounts\/156258209","name":"Masan","permissions":{"effective":["COLLABORATE","EDIT","MANAGE_USERS","READ_AND_ANALYZE"]},"created":"2020-01-15T03:29:25.281Z","updated":"2020-01-15T03:40:55.143Z","childLink":{"type":"analytics#webproperties","href":"https:\/\/www.googleapis.com\/analytics\/v3\/management\/accounts\/156258209\/webproperties"},"webproperties":{"kind":"analytics#webproperties","username":"quan.dang@dna.vn","totalResults":1,"startIndex":1,"itemsPerPage":1000,"items":[{"id":"UA-156258209-1","kind":"analytics#webproperty","selfLink":"https:\/\/www.googleapis.com\/analytics\/v3\/management\/accounts\/156258209\/webproperties\/UA-156258209-1","accountId":"156258209","internalWebPropertyId":"220198508","name":"nuocmamcacommuaxuan","websiteUrl":"http:\/\/nuocmamchinsu.dna.vn\/","level":"STANDARD","profileCount":1,"industryVertical":"FOOD_AND_DRINK","defaultProfileId":"209555723","dataRetentionTtl":"MONTHS_26","dataRetentionResetOnNewActivity":true,"permissions":{"effective":["COLLABORATE","EDIT","MANAGE_USERS","READ_AND_ANALYZE"]},"created":"2020-01-15T03:29:25.281Z","updated":"2020-01-15T03:40:55.143Z","parentLink":{"type":"analytics#account","href":"https:\/\/www.googleapis.com\/analytics\/v3\/management\/accounts\/156258209"},"childLink":{"type":"analytics#profiles","href":"https:\/\/www.googleapis.com\/analytics\/v3\/management\/accounts\/156258209\/webproperties\/UA-156258209-1\/profiles"}}]}}]}