{"kind":"analytics#accounts","username":"dangthuyenquan@gmail.com","totalResults":1,"startIndex":1,"itemsPerPage":1000,"items":[{"id":"93010895","kind":"analytics#account","selfLink":"https:\/\/www.googleapis.com\/analytics\/v3\/management\/accounts\/93010895","name":"vn4cms.com","permissions":{"effective":["COLLABORATE","EDIT","MANAGE_USERS","READ_AND_ANALYZE"]},"created":"2017-03-04T08:28:39.109Z","updated":"2017-03-04T08:28:39.109Z","childLink":{"type":"analytics#webproperties","href":"https:\/\/www.googleapis.com\/analytics\/v3\/management\/accounts\/93010895\/webproperties"},"webproperties":{"kind":"analytics#webproperties","username":"dangthuyenquan@gmail.com","totalResults":2,"startIndex":1,"itemsPerPage":1000,"items":[{"id":"UA-93010895-1","kind":"analytics#webproperty","selfLink":"https:\/\/www.googleapis.com\/analytics\/v3\/management\/accounts\/93010895\/webproperties\/UA-93010895-1","accountId":"93010895","internalWebPropertyId":"137653406","name":"vn4cms.com","websiteUrl":"http:\/\/vn4cms.com","level":"STANDARD","profileCount":1,"industryVertical":"OTHER","defaultProfileId":"141925831","dataRetentionTtl":"MONTHS_26","dataRetentionResetOnNewActivity":true,"permissions":{"effective":["COLLABORATE","EDIT","MANAGE_USERS","READ_AND_ANALYZE"]},"created":"2017-03-04T08:28:39.109Z","updated":"2017-03-04T09:31:06.090Z","parentLink":{"type":"analytics#account","href":"https:\/\/www.googleapis.com\/analytics\/v3\/management\/accounts\/93010895"},"childLink":{"type":"analytics#profiles","href":"https:\/\/www.googleapis.com\/analytics\/v3\/management\/accounts\/93010895\/webproperties\/UA-93010895-1\/profiles"}},{"id":"UA-93010895-2","kind":"analytics#webproperty","selfLink":"https:\/\/www.googleapis.com\/analytics\/v3\/management\/accounts\/93010895\/webproperties\/UA-93010895-2","accountId":"93010895","internalWebPropertyId":"224668899","name":"cms.vn4cms.com","websiteUrl":"https:\/\/cms.vn4cms.com","level":"STANDARD","profileCount":1,"industryVertical":"UNSPECIFIED","defaultProfileId":"212987192","dataRetentionTtl":"MONTHS_26","dataRetentionResetOnNewActivity":true,"permissions":{"effective":["COLLABORATE","EDIT","MANAGE_USERS","READ_AND_ANALYZE"]},"created":"2020-03-09T09:33:32.256Z","updated":"2020-03-09T09:33:32.256Z","parentLink":{"type":"analytics#account","href":"https:\/\/www.googleapis.com\/analytics\/v3\/management\/accounts\/93010895"},"childLink":{"type":"analytics#profiles","href":"https:\/\/www.googleapis.com\/analytics\/v3\/management\/accounts\/93010895\/webproperties\/UA-93010895-2\/profiles"}}]}}]}